protein-name,intent-group,available,Plasmid Name,Gene or insert Name,Alternative Gene/Insert Name 1,Entrez Gene ID,Additional Species of gene or insert,Relevant Mutations,N-terminal Tag,C-terminal Tag,Backbone Name,Bacterial Resistance,Selectable Marker,high or low copy,description,design-description
nsp16,Yeast expression,true,pGBW-m4046161,2'-O-ribose methyltransferase,,YP_009725311.1,Saccharomyces cerevisiae,wt,,Cleavable thrombin;StrepII,AmpR; 2u URA3,ampicillin,uracil,high,Yeast expression of SARS-CoV-2 proteins,P141 covid19 protein expression and purification designs
nsp16,Yeast expression,true,pGBW-m4046191,2'-O-ribose methyltransferase,,YP_009725311.1,Saccharomyces cerevisiae,wt,,Cleavable thrombin;6xHIS,AmpR; 2u URA3,ampicillin,uracil,high,Yeast expression of SARS-CoV-2 proteins,P141 covid19 protein expression and purification designs
nsp16,Yeast expression,true,pGBW-m4046214,2'-O-ribose methyltransferase,,YP_009725311.1,Saccharomyces cerevisiae,wt,,Cleavable thrombin;StrepII,AmpR; 2u URA3,ampicillin,uracil,high,Yeast expression of SARS-CoV-2 proteins,P141 covid19 protein expression and purification designs
nsp16,Yeast expression,true,pGBW-m4046265,2'-O-ribose methyltransferase,,YP_009725311.1,Saccharomyces cerevisiae,wt,,Cleavable thrombin;3xFLAG,AmpR; 2u URA3,ampicillin,uracil,high,Yeast expression of SARS-CoV-2 proteins,P141 covid19 protein expression and purification designs
nsp16,Yeast expression,true,pGBW-m4046279,2'-O-ribose methyltransferase,,YP_009725311.1,Saccharomyces cerevisiae,wt,,Cleavable thrombin;MBP,AmpR; 2u URA3,ampicillin,uracil,high,Yeast expression of SARS-CoV-2 proteins,P141 covid19 protein expression and purification designs
nsp16,Yeast expression,true,pGBW-m4046351,2'-O-ribose methyltransferase,,YP_009725311.1,Saccharomyces cerevisiae,wt,,Cleavable thrombin;6xHIS,AmpR; 2u URA3,ampicillin,uracil,high,Yeast expression of SARS-CoV-2 proteins,P141 covid19 protein expression and purification designs
nsp16,Yeast expression,false,pGBW-m4046361,2'-O-ribose methyltransferase,,YP_009725311.1,Saccharomyces cerevisiae,wt,,Cleavable thrombin;MBP,AmpR; 2u URA3,ampicillin,uracil,high,Yeast expression of SARS-CoV-2 proteins,P141 covid19 protein expression and purification designs
nsp16,Yeast expression,true,pGBW-m4046364,2'-O-ribose methyltransferase,,YP_009725311.1,Saccharomyces cerevisiae,wt,,Cleavable thrombin;3xFLAG,AmpR; 2u URA3,ampicillin,uracil,high,Yeast expression of SARS-CoV-2 proteins,P141 covid19 protein expression and purification designs
nsp16,Yeast expression,true,pGBW-m4046389,2'-O-ribose methyltransferase,,YP_009725311.1,Saccharomyces cerevisiae,wt,,Cleavable thrombin;MBP,AmpR; 2u URA3,ampicillin,uracil,high,Yeast expression of SARS-CoV-2 proteins,P141 covid19 protein expression and purification designs
nsp16,Yeast expression,true,pGBW-m4046442,2'-O-ribose methyltransferase,,YP_009725311.1,Saccharomyces cerevisiae,wt,,Cleavable thrombin;6xHIS,AmpR; 2u URA3,ampicillin,uracil,high,Yeast expression of SARS-CoV-2 proteins,P141 covid19 protein expression and purification designs
nsp16,Yeast expression,true,pGBW-m4046447,2'-O-ribose methyltransferase,,YP_009725311.1,Saccharomyces cerevisiae,wt,,Cleavable thrombin;6xHIS,AmpR; 2u URA3,ampicillin,uracil,high,Yeast expression of SARS-CoV-2 proteins,P141 covid19 protein expression and purification designs
nsp16,Yeast expression,true,pGBW-m4046481,2'-O-ribose methyltransferase,,YP_009725311.1,Saccharomyces cerevisiae,wt,,Cleavable thrombin;3xFLAG,AmpR; 2u URA3,ampicillin,uracil,high,Yeast expression of SARS-CoV-2 proteins,P141 covid19 protein expression and purification designs
nsp16,Yeast expression,true,pGBW-m4046487,2'-O-ribose methyltransferase,,YP_009725311.1,Saccharomyces cerevisiae,wt,,Cleavable thrombin;MBP,AmpR; 2u URA3,ampicillin,uracil,high,Yeast expression of SARS-CoV-2 proteins,P141 covid19 protein expression and purification designs
nsp16,Yeast expression,true,pGBW-m4046522,2'-O-ribose methyltransferase,,YP_009725311.1,Saccharomyces cerevisiae,wt,,Cleavable thrombin;StrepII,AmpR; 2u URA3,ampicillin,uracil,high,Yeast expression of SARS-CoV-2 proteins,P141 covid19 protein expression and purification designs
nsp16,Yeast expression,true,pGBW-m4046554,2'-O-ribose methyltransferase,,YP_009725311.1,Saccharomyces cerevisiae,wt,,Cleavable thrombin;3xFLAG,AmpR; 2u URA3,ampicillin,uracil,high,Yeast expression of SARS-CoV-2 proteins,P141 covid19 protein expression and purification designs
nsp16,Yeast expression,true,pGBW-m4046556,2'-O-ribose methyltransferase,,YP_009725311.1,Saccharomyces cerevisiae,wt,,Cleavable thrombin;StrepII,AmpR; 2u URA3,ampicillin,uracil,high,Yeast expression of SARS-CoV-2 proteins,P141 covid19 protein expression and purification designs
nsp16,Yeast expression,true,pGBW-m4046613,2'-O-ribose methyltransferase,,YP_009725311.1,Saccharomyces cerevisiae,wt,,,AmpR; 2u URA3,ampicillin,uracil,high,Yeast expression of SARS-CoV-2 proteins no tags,P141 covid19 protein expression and purification designs
nsp16,Yeast expression,true,pGBW-m4046629,2'-O-ribose methyltransferase,,YP_009725311.1,Saccharomyces cerevisiae,wt,,,AmpR; 2u URA3,ampicillin,uracil,high,Yeast expression of SARS-CoV-2 proteins no tags,P141 covid19 protein expression and purification designs
nsp16,Yeast expression,true,pGBW-m4046637,2'-O-ribose methyltransferase,,YP_009725311.1,Saccharomyces cerevisiae,wt,,,AmpR; 2u URA3,ampicillin,uracil,high,Yeast expression of SARS-CoV-2 proteins no tags,P141 covid19 protein expression and purification designs
nsp16,Yeast expression,true,pGBW-m4046682,2'-O-ribose methyltransferase,,YP_009725311.1,Saccharomyces cerevisiae,wt,,,AmpR; 2u URA3,ampicillin,uracil,high,Yeast expression of SARS-CoV-2 proteins no tags,P141 covid19 protein expression and purification designs
nsp16,E coli expression,true,pGBW-m4046764,2'-O-ribose methyltransferase,,YP_009725311.1,Escherichia coli str. K-12 substr. MG1655,wt,,Cleavable TEV;StrepII,ori-013 - marker | cmR,chloramphenicol,,high,E. coli expression of SARS-CoV-2 proteins,COVID 19 template for expression
nsp16,E coli expression,true,pGBW-m4046775,2'-O-ribose methyltransferase,,YP_009725311.1,Escherichia coli str. K-12 substr. MG1655,wt,,Cleavable TEV;Myc,ori-013 - marker | cmR,chloramphenicol,,high,E. coli expression of SARS-CoV-2 proteins,COVID 19 template for expression
nsp16,E coli expression,true,pGBW-m4046791,2'-O-ribose methyltransferase,,YP_009725311.1,Escherichia coli str. K-12 substr. MG1655,wt,,Cleavable TEV;StrepII,ori-013 - marker | cmR,chloramphenicol,,high,E. coli expression of SARS-CoV-2 proteins,COVID 19 template for expression
nsp16,E coli expression,true,pGBW-m4046795,2'-O-ribose methyltransferase,,YP_009725311.1,Escherichia coli str. K-12 substr. MG1655,wt,,Cleavable TEV;6xHIS,ori-013 - marker | cmR,chloramphenicol,,high,E. coli expression of SARS-CoV-2 proteins,COVID 19 template for expression
nsp16,E coli expression,true,pGBW-m4046809,2'-O-ribose methyltransferase,,YP_009725311.1,Escherichia coli str. K-12 substr. MG1655,wt,,Cleavable TEV;6xHIS,ori-013 - marker | cmR,chloramphenicol,,high,E. coli expression of SARS-CoV-2 proteins,COVID 19 template for expression
nsp16,E coli expression,true,pGBW-m4046816,2'-O-ribose methyltransferase,,YP_009725311.1,Escherichia coli str. K-12 substr. MG1655,wt,,Cleavable TEV;FLAG_2,ori-013 - marker | cmR,chloramphenicol,,high,E. coli expression of SARS-CoV-2 proteins,COVID 19 template for expression
nsp16,E coli expression,true,pGBW-m4046823,2'-O-ribose methyltransferase,,YP_009725311.1,Escherichia coli str. K-12 substr. MG1655,wt,,Cleavable TEV;Myc,ori-013 - marker | cmR,chloramphenicol,,high,E. coli expression of SARS-CoV-2 proteins,COVID 19 template for expression
nsp16,E coli expression,true,pGBW-m4046824,2'-O-ribose methyltransferase,,YP_009725311.1,Escherichia coli str. K-12 substr. MG1655,wt,,Cleavable TEV;FLAG_2,ori-013 - marker | cmR,chloramphenicol,,high,E. coli expression of SARS-CoV-2 proteins,COVID 19 template for expression
nsp16,E coli expression,true,pGBW-m4046827,2'-O-ribose methyltransferase,,YP_009725311.1,Escherichia coli str. K-12 substr. MG1655,wt,,Cleavable TEV;HA,ori-013 - marker | cmR,chloramphenicol,,high,E. coli expression of SARS-CoV-2 proteins,COVID 19 template for expression
nsp16,E coli expression,true,pGBW-m4046858,2'-O-ribose methyltransferase,,YP_009725311.1,Escherichia coli str. K-12 substr. MG1655,wt,,Cleavable TEV;HA,ori-013 - marker | cmR,chloramphenicol,,high,E. coli expression of SARS-CoV-2 proteins,COVID 19 template for expression
nsp16,E coli expression,false,pGBW-m4136534,2'-O-ribose methyltransferase,,YP_009725311.1,Escherichia coli str. K-12 substr. MG1655,wt,,Cleavable TEV;6xHIS,pG9m-2 lacIQ ampR,ampicillin,,medium,E. coli expression constructs for SARS-CoV-2 proteins in lacI med copy,COVID 19 template for expression
nsp16,E coli expression,false,pGBW-m4136543,2'-O-ribose methyltransferase,,YP_009725311.1,Escherichia coli str. K-12 substr. MG1655,wt,,Cleavable TEV;6xHIS,pG9m-2 lacIQ ampR,ampicillin,,medium,E. coli expression constructs for SARS-CoV-2 proteins in lacI med copy,COVID 19 template for expression
nsp16,E coli expression,false,pGBW-m4136559,2'-O-ribose methyltransferase,,YP_009725311.1,Escherichia coli str. K-12 substr. MG1655,wt,,Cleavable TEV;StrepII,pG9m-2 lacIQ ampR,ampicillin,,medium,E. coli expression constructs for SARS-CoV-2 proteins in lacI med copy,COVID 19 template for expression
nsp16,E coli expression,false,pGBW-m4136610,2'-O-ribose methyltransferase,,YP_009725311.1,Escherichia coli str. K-12 substr. MG1655,wt,,Cleavable TEV;FLAG_2,pG9m-2 lacIQ ampR,ampicillin,,medium,E. coli expression constructs for SARS-CoV-2 proteins in lacI med copy,COVID 19 template for expression
nsp16,E coli expression,false,pGBW-m4136646,2'-O-ribose methyltransferase,,YP_009725311.1,Escherichia coli str. K-12 substr. MG1655,wt,,Cleavable TEV;Myc,pG9m-2 lacIQ ampR,ampicillin,,medium,E. coli expression constructs for SARS-CoV-2 proteins in lacI med copy,COVID 19 template for expression
nsp16,E coli expression,false,pGBW-m4136676,2'-O-ribose methyltransferase,,YP_009725311.1,Escherichia coli str. K-12 substr. MG1655,wt,,Cleavable TEV;HA,pG9m-2 lacIQ ampR,ampicillin,,medium,E. coli expression constructs for SARS-CoV-2 proteins in lacI med copy,COVID 19 template for expression
nsp16,E coli expression,false,pGBW-m4136704,2'-O-ribose methyltransferase,,YP_009725311.1,Escherichia coli str. K-12 substr. MG1655,wt,,Cleavable TEV;HA,pG9m-2 lacIQ ampR,ampicillin,,medium,E. coli expression constructs for SARS-CoV-2 proteins in lacI med copy,COVID 19 template for expression
nsp16,E coli expression,false,pGBW-m4136718,2'-O-ribose methyltransferase,,YP_009725311.1,Escherichia coli str. K-12 substr. MG1655,wt,,Cleavable TEV;StrepII,pG9m-2 lacIQ ampR,ampicillin,,medium,E. coli expression constructs for SARS-CoV-2 proteins in lacI med copy,COVID 19 template for expression
nsp16,E coli expression,false,pGBW-m4136736,2'-O-ribose methyltransferase,,YP_009725311.1,Escherichia coli str. K-12 substr. MG1655,wt,,Cleavable TEV;Myc,pG9m-2 lacIQ ampR,ampicillin,,medium,E. coli expression constructs for SARS-CoV-2 proteins in lacI med copy,COVID 19 template for expression
nsp16,E coli expression,false,pGBW-m4136752,2'-O-ribose methyltransferase,,YP_009725311.1,Escherichia coli str. K-12 substr. MG1655,wt,,Cleavable TEV;FLAG_2,pG9m-2 lacIQ ampR,ampicillin,,medium,E. coli expression constructs for SARS-CoV-2 proteins in lacI med copy,COVID 19 template for expression
nsp16,Mammalian expression,true,pGBW-m4133173,2'-O-ribose methyltransferase,,YP_009725311.1,Homo sapiens,wt,,Cleavable TEV;TRX,pTwist_CMV_Puro_6,ampicillin,puromycin,high,"SARS-CoV-2 proteins, with various fusion tags",Synthesis of Mammalian encoded Covid19 orfs in mammalian plasmid backbones
nsp16,Mammalian expression,true,pGBW-m4133179,2'-O-ribose methyltransferase,,YP_009725311.1,Homo sapiens,wt,,Cleavable TEV;S-tag,pTwist_CMV_Puro_6,ampicillin,puromycin,high,"SARS-CoV-2 proteins, with various fusion tags",Synthesis of Mammalian encoded Covid19 orfs in mammalian plasmid backbones
nsp16,Mammalian expression,true,pGBW-m4133186,2'-O-ribose methyltransferase,,YP_009725311.1,Homo sapiens,wt,,Cleavable TEV;6xHis-003,pTwist_CMV_Puro_6,ampicillin,puromycin,high,"SARS-CoV-2 proteins, with various fusion tags",Synthesis of Mammalian encoded Covid19 orfs in mammalian plasmid backbones
nsp16,Mammalian expression,true,pGBW-m4133187,2'-O-ribose methyltransferase,,YP_009725311.1,Homo sapiens,wt,,Cleavable TEV;3xFlag,pTwist_CMV_Puro_6,ampicillin,puromycin,high,"SARS-CoV-2 proteins, with various fusion tags",Synthesis of Mammalian encoded Covid19 orfs in mammalian plasmid backbones
nsp16,Mammalian expression,true,pGBW-m4133208,2'-O-ribose methyltransferase,,YP_009725311.1,Homo sapiens,wt,,Cleavable TEV;TRX,pTwist_CMV_6,ampicillin,,high,"SARS-CoV-2 proteins, with various fusion tags",Synthesis of Mammalian encoded Covid19 orfs in mammalian plasmid backbones
nsp16,Mammalian expression,true,pGBW-m4133211,2'-O-ribose methyltransferase,,YP_009725311.1,Homo sapiens,wt,,Cleavable TEV;3xFlag,pTwist_CMV_Hygro_6,ampicillin,hygromycin,high,"SARS-CoV-2 proteins, with various fusion tags",Synthesis of Mammalian encoded Covid19 orfs in mammalian plasmid backbones
nsp16,Mammalian expression,true,pGBW-m4133218,2'-O-ribose methyltransferase,,YP_009725311.1,Homo sapiens,wt,,Cleavable TEV;HA,pTwist_CMV_6,ampicillin,,high,"SARS-CoV-2 proteins, with various fusion tags",Synthesis of Mammalian encoded Covid19 orfs in mammalian plasmid backbones
nsp16,Mammalian expression,true,pGBW-m4133229,2'-O-ribose methyltransferase,,YP_009725311.1,Homo sapiens,wt,,Cleavable TEV;HA,pTwist_CMV_Puro_6,ampicillin,puromycin,high,"SARS-CoV-2 proteins, with various fusion tags",Synthesis of Mammalian encoded Covid19 orfs in mammalian plasmid backbones
nsp16,Mammalian expression,true,pGBW-m4133231,2'-O-ribose methyltransferase,,YP_009725311.1,Homo sapiens,wt,,Cleavable TEV;V5,pTwist_CMV_Puro_6,ampicillin,puromycin,high,"SARS-CoV-2 proteins, with various fusion tags",Synthesis of Mammalian encoded Covid19 orfs in mammalian plasmid backbones
nsp16,Mammalian expression,true,pGBW-m4133242,2'-O-ribose methyltransferase,,YP_009725311.1,Homo sapiens,wt,,Cleavable TEV;S-tag,pTwist_CMV_Hygro_6,ampicillin,hygromycin,high,"SARS-CoV-2 proteins, with various fusion tags",Synthesis of Mammalian encoded Covid19 orfs in mammalian plasmid backbones
nsp16,Mammalian expression,true,pGBW-m4133255,2'-O-ribose methyltransferase,,YP_009725311.1,Homo sapiens,wt,,Cleavable TEV;TapTag,pTwist_CMV_Puro_6,ampicillin,puromycin,high,"SARS-CoV-2 proteins, with various fusion tags",Synthesis of Mammalian encoded Covid19 orfs in mammalian plasmid backbones
nsp16,Mammalian expression,true,pGBW-m4133259,2'-O-ribose methyltransferase,,YP_009725311.1,Homo sapiens,wt,,Cleavable TEV;CBP,pTwist_CMV_6,ampicillin,,high,"SARS-CoV-2 proteins, with various fusion tags",Synthesis of Mammalian encoded Covid19 orfs in mammalian plasmid backbones
nsp16,Mammalian expression,true,pGBW-m4133273,2'-O-ribose methyltransferase,,YP_009725311.1,Homo sapiens,wt,,Cleavable TEV;CBP,pTwist_CMV_Hygro_6,ampicillin,hygromycin,high,"SARS-CoV-2 proteins, with various fusion tags",Synthesis of Mammalian encoded Covid19 orfs in mammalian plasmid backbones
nsp16,Mammalian expression,true,pGBW-m4133279,2'-O-ribose methyltransferase,,YP_009725311.1,Homo sapiens,wt,,Cleavable TEV;TapTag,pTwist_CMV_Hygro_6,ampicillin,hygromycin,high,"SARS-CoV-2 proteins, with various fusion tags",Synthesis of Mammalian encoded Covid19 orfs in mammalian plasmid backbones
nsp16,Mammalian expression,true,pGBW-m4133288,2'-O-ribose methyltransferase,,YP_009725311.1,Homo sapiens,wt,,Cleavable TEV;3xFlag,pTwist_CMV_Puro_6,ampicillin,puromycin,high,"SARS-CoV-2 proteins, with various fusion tags",Synthesis of Mammalian encoded Covid19 orfs in mammalian plasmid backbones
nsp16,Mammalian expression,true,pGBW-m4133310,2'-O-ribose methyltransferase,,YP_009725311.1,Homo sapiens,wt,,Cleavable TEV;6xHis-003,pTwist_CMV_Hygro_6,ampicillin,hygromycin,high,"SARS-CoV-2 proteins, with various fusion tags",Synthesis of Mammalian encoded Covid19 orfs in mammalian plasmid backbones
nsp16,Mammalian expression,true,pGBW-m4133312,2'-O-ribose methyltransferase,,YP_009725311.1,Homo sapiens,wt,,Cleavable TEV;V5,pTwist_CMV_Puro_6,ampicillin,puromycin,high,"SARS-CoV-2 proteins, with various fusion tags",Synthesis of Mammalian encoded Covid19 orfs in mammalian plasmid backbones
nsp16,Mammalian expression,true,pGBW-m4133325,2'-O-ribose methyltransferase,,YP_009725311.1,Homo sapiens,wt,,Cleavable TEV;TRX,pTwist_CMV_Puro_6,ampicillin,puromycin,high,"SARS-CoV-2 proteins, with various fusion tags",Synthesis of Mammalian encoded Covid19 orfs in mammalian plasmid backbones
nsp16,Mammalian expression,true,pGBW-m4133331,2'-O-ribose methyltransferase,,YP_009725311.1,Homo sapiens,wt,,Cleavable TEV;3xFlag,pTwist_CMV_6,ampicillin,,high,"SARS-CoV-2 proteins, with various fusion tags",Synthesis of Mammalian encoded Covid19 orfs in mammalian plasmid backbones
nsp16,Mammalian expression,true,pGBW-m4133335,2'-O-ribose methyltransferase,,YP_009725311.1,Homo sapiens,wt,,Cleavable TEV;TRX,pTwist_CMV_Hygro_6,ampicillin,hygromycin,high,"SARS-CoV-2 proteins, with various fusion tags",Synthesis of Mammalian encoded Covid19 orfs in mammalian plasmid backbones
nsp16,Mammalian expression,true,pGBW-m4133339,2'-O-ribose methyltransferase,,YP_009725311.1,Homo sapiens,wt,,Cleavable TEV;TapTag,pTwist_CMV_6,ampicillin,,high,"SARS-CoV-2 proteins, with various fusion tags",Synthesis of Mammalian encoded Covid19 orfs in mammalian plasmid backbones
nsp16,Mammalian expression,true,pGBW-m4133348,2'-O-ribose methyltransferase,,YP_009725311.1,Homo sapiens,wt,,Cleavable TEV;V5,pTwist_CMV_Hygro_6,ampicillin,hygromycin,high,"SARS-CoV-2 proteins, with various fusion tags",Synthesis of Mammalian encoded Covid19 orfs in mammalian plasmid backbones
nsp16,Mammalian expression,true,pGBW-m4133350,2'-O-ribose methyltransferase,,YP_009725311.1,Homo sapiens,wt,,Cleavable TEV;6xHis-003,pTwist_CMV_6,ampicillin,,high,"SARS-CoV-2 proteins, with various fusion tags",Synthesis of Mammalian encoded Covid19 orfs in mammalian plasmid backbones
nsp16,Mammalian expression,false,pGBW-m4133396,2'-O-ribose methyltransferase,,YP_009725311.1,Homo sapiens,wt,,Cleavable TEV;S-tag,pTwist_CMV_Puro_6,ampicillin,puromycin,high,"SARS-CoV-2 proteins, with various fusion tags",Synthesis of Mammalian encoded Covid19 orfs in mammalian plasmid backbones
nsp16,Mammalian expression,true,pGBW-m4133419,2'-O-ribose methyltransferase,,YP_009725311.1,Homo sapiens,wt,,Cleavable TEV;6xHis-003,pTwist_CMV_Puro_6,ampicillin,puromycin,high,"SARS-CoV-2 proteins, with various fusion tags",Synthesis of Mammalian encoded Covid19 orfs in mammalian plasmid backbones
nsp16,Mammalian expression,true,pGBW-m4133481,2'-O-ribose methyltransferase,,YP_009725311.1,Homo sapiens,wt,,Cleavable TEV;TapTag,pTwist_CMV_6,ampicillin,,high,"SARS-CoV-2 proteins, with various fusion tags",Synthesis of Mammalian encoded Covid19 orfs in mammalian plasmid backbones
nsp16,Mammalian expression,true,pGBW-m4133490,2'-O-ribose methyltransferase,,YP_009725311.1,Homo sapiens,wt,,Cleavable TEV;HA,pTwist_CMV_Hygro_6,ampicillin,hygromycin,high,"SARS-CoV-2 proteins, with various fusion tags",Synthesis of Mammalian encoded Covid19 orfs in mammalian plasmid backbones
nsp16,Mammalian expression,true,pGBW-m4133529,2'-O-ribose methyltransferase,,YP_009725311.1,Homo sapiens,wt,,Cleavable TEV;TapTag,pTwist_CMV_Hygro_6,ampicillin,hygromycin,high,"SARS-CoV-2 proteins, with various fusion tags",Synthesis of Mammalian encoded Covid19 orfs in mammalian plasmid backbones
nsp16,Mammalian expression,true,pGBW-m4133541,2'-O-ribose methyltransferase,,YP_009725311.1,Homo sapiens,wt,,Cleavable TEV;CBP,pTwist_CMV_Puro_6,ampicillin,puromycin,high,"SARS-CoV-2 proteins, with various fusion tags",Synthesis of Mammalian encoded Covid19 orfs in mammalian plasmid backbones
nsp16,Mammalian expression,true,pGBW-m4133547,2'-O-ribose methyltransferase,,YP_009725311.1,Homo sapiens,wt,,Cleavable TEV;S-tag,pTwist_CMV_6,ampicillin,,high,"SARS-CoV-2 proteins, with various fusion tags",Synthesis of Mammalian encoded Covid19 orfs in mammalian plasmid backbones
nsp16,Mammalian expression,true,pGBW-m4133559,2'-O-ribose methyltransferase,,YP_009725311.1,Homo sapiens,wt,,Cleavable TEV;HA,pTwist_CMV_Puro_6,ampicillin,puromycin,high,"SARS-CoV-2 proteins, with various fusion tags",Synthesis of Mammalian encoded Covid19 orfs in mammalian plasmid backbones
nsp16,Mammalian expression,true,pGBW-m4133575,2'-O-ribose methyltransferase,,YP_009725311.1,Homo sapiens,wt,,Cleavable TEV;3xFlag,pTwist_CMV_Hygro_6,ampicillin,hygromycin,high,"SARS-CoV-2 proteins, with various fusion tags",Synthesis of Mammalian encoded Covid19 orfs in mammalian plasmid backbones
nsp16,Mammalian expression,true,pGBW-m4133678,2'-O-ribose methyltransferase,,YP_009725311.1,Homo sapiens,wt,,Cleavable TEV;CBP,pTwist_CMV_Puro_6,ampicillin,puromycin,high,"SARS-CoV-2 proteins, with various fusion tags",Synthesis of Mammalian encoded Covid19 orfs in mammalian plasmid backbones
nsp16,Mammalian expression,true,pGBW-m4133741,2'-O-ribose methyltransferase,,YP_009725311.1,Homo sapiens,wt,,Cleavable TEV;CBP,pTwist_CMV_6,ampicillin,,high,"SARS-CoV-2 proteins, with various fusion tags",Synthesis of Mammalian encoded Covid19 orfs in mammalian plasmid backbones
nsp16,Mammalian expression,true,pGBW-m4133768,2'-O-ribose methyltransferase,,YP_009725311.1,Homo sapiens,wt,,Cleavable TEV;6xHis-003,pTwist_CMV_6,ampicillin,,high,"SARS-CoV-2 proteins, with various fusion tags",Synthesis of Mammalian encoded Covid19 orfs in mammalian plasmid backbones
nsp16,Mammalian expression,true,pGBW-m4133778,2'-O-ribose methyltransferase,,YP_009725311.1,Homo sapiens,wt,,Cleavable TEV;TRX,pTwist_CMV_6,ampicillin,,high,"SARS-CoV-2 proteins, with various fusion tags",Synthesis of Mammalian encoded Covid19 orfs in mammalian plasmid backbones
nsp16,Mammalian expression,true,pGBW-m4133810,2'-O-ribose methyltransferase,,YP_009725311.1,Homo sapiens,wt,,Cleavable TEV;CBP,pTwist_CMV_Hygro_6,ampicillin,hygromycin,high,"SARS-CoV-2 proteins, with various fusion tags",Synthesis of Mammalian encoded Covid19 orfs in mammalian plasmid backbones
nsp16,Mammalian expression,true,pGBW-m4133834,2'-O-ribose methyltransferase,,YP_009725311.1,Homo sapiens,wt,,Cleavable TEV;TRX,pTwist_CMV_Hygro_6,ampicillin,hygromycin,high,"SARS-CoV-2 proteins, with various fusion tags",Synthesis of Mammalian encoded Covid19 orfs in mammalian plasmid backbones
nsp16,Mammalian expression,true,pGBW-m4133839,2'-O-ribose methyltransferase,,YP_009725311.1,Homo sapiens,wt,,Cleavable TEV;3xFlag,pTwist_CMV_6,ampicillin,,high,"SARS-CoV-2 proteins, with various fusion tags",Synthesis of Mammalian encoded Covid19 orfs in mammalian plasmid backbones
nsp16,Mammalian expression,true,pGBW-m4134083,2'-O-ribose methyltransferase,,YP_009725311.1,Homo sapiens,wt,,Cleavable TEV;V5,pTwist_CMV_6,ampicillin,,high,"SARS-CoV-2 proteins, with various fusion tags",Synthesis of Mammalian encoded Covid19 orfs in mammalian plasmid backbones
nsp16,Mammalian expression,true,pGBW-m4134146,2'-O-ribose methyltransferase,,YP_009725311.1,Homo sapiens,wt,,Cleavable TEV;S-tag,pTwist_CMV_6,ampicillin,,high,"SARS-CoV-2 proteins, with various fusion tags",Synthesis of Mammalian encoded Covid19 orfs in mammalian plasmid backbones
nsp16,Mammalian expression,true,pGBW-m4134174,2'-O-ribose methyltransferase,,YP_009725311.1,Homo sapiens,wt,,Cleavable TEV;S-tag,pTwist_CMV_Hygro_6,ampicillin,hygromycin,high,"SARS-CoV-2 proteins, with various fusion tags",Synthesis of Mammalian encoded Covid19 orfs in mammalian plasmid backbones
nsp16,Mammalian expression,true,pGBW-m4134211,2'-O-ribose methyltransferase,,YP_009725311.1,Homo sapiens,wt,,Cleavable TEV;TapTag,pTwist_CMV_Puro_6,ampicillin,puromycin,high,"SARS-CoV-2 proteins, with various fusion tags",Synthesis of Mammalian encoded Covid19 orfs in mammalian plasmid backbones
nsp16,Mammalian expression,false,pGBW-m4134262,2'-O-ribose methyltransferase,,YP_009725311.1,Homo sapiens,wt,,Cleavable TEV;V5,pTwist_CMV_6,ampicillin,,high,"SARS-CoV-2 proteins, with various fusion tags",Synthesis of Mammalian encoded Covid19 orfs in mammalian plasmid backbones
nsp16,Mammalian expression,true,pGBW-m4134297,2'-O-ribose methyltransferase,,YP_009725311.1,Homo sapiens,wt,,Cleavable TEV;HA,pTwist_CMV_Hygro_6,ampicillin,hygromycin,high,"SARS-CoV-2 proteins, with various fusion tags",Synthesis of Mammalian encoded Covid19 orfs in mammalian plasmid backbones
nsp16,Mammalian expression,true,pGBW-m4134315,2'-O-ribose methyltransferase,,YP_009725311.1,Homo sapiens,wt,,Cleavable TEV;HA,pTwist_CMV_6,ampicillin,,high,"SARS-CoV-2 proteins, with various fusion tags",Synthesis of Mammalian encoded Covid19 orfs in mammalian plasmid backbones
nsp16,Mammalian expression,false,pGBW-m4134352,2'-O-ribose methyltransferase,,YP_009725311.1,Homo sapiens,wt,,Cleavable TEV;V5,pTwist_CMV_Hygro_6,ampicillin,hygromycin,high,"SARS-CoV-2 proteins, with various fusion tags",Synthesis of Mammalian encoded Covid19 orfs in mammalian plasmid backbones
nsp16,Mammalian expression,false,pGBW-m4134425,2'-O-ribose methyltransferase,,YP_009725311.1,Homo sapiens,wt,,Cleavable TEV;6xHis-003,pTwist_CMV_Hygro_6,ampicillin,hygromycin,high,"SARS-CoV-2 proteins, with various fusion tags",Synthesis of Mammalian encoded Covid19 orfs in mammalian plasmid backbones
nsp16,Mammalian expression,false,pGBW-m4135844,2'-O-ribose methyltransferase,,YP_009725311.1,Homo sapiens,wt,,,pTwist_CMV_6,ampicillin,,high,"SARS-CoV-2 proteins, No tags",Synthesis of Mammalian encoded Covid19 orfs in mammalian plasmid backbones
nsp16,Mammalian expression,false,pGBW-m4135848,2'-O-ribose methyltransferase,,YP_009725311.1,Homo sapiens,wt,,,pTwist_CMV_Puro_6,ampicillin,puromycin,high,"SARS-CoV-2 proteins, No tags",Synthesis of Mammalian encoded Covid19 orfs in mammalian plasmid backbones
nsp16,Mammalian expression,false,pGBW-m4135864,2'-O-ribose methyltransferase,,YP_009725311.1,Homo sapiens,wt,,,pTwist_CMV_Hygro_6,ampicillin,hygromycin,high,"SARS-CoV-2 proteins, No tags",Synthesis of Mammalian encoded Covid19 orfs in mammalian plasmid backbones
nsp16,Mammalian expression,false,pGBW-m4135873,2'-O-ribose methyltransferase,,YP_009725311.1,Homo sapiens,wt,,,pTwist_CMV_6,ampicillin,,high,"SARS-CoV-2 proteins, No tags",Synthesis of Mammalian encoded Covid19 orfs in mammalian plasmid backbones
nsp16,Mammalian expression,false,pGBW-m4135876,2'-O-ribose methyltransferase,,YP_009725311.1,Homo sapiens,wt,,,pTwist_CMV_Hygro_6,ampicillin,hygromycin,high,"SARS-CoV-2 proteins, No tags",Synthesis of Mammalian encoded Covid19 orfs in mammalian plasmid backbones
nsp16,Mammalian expression,false,pGBW-m4135878,2'-O-ribose methyltransferase,,YP_009725311.1,Homo sapiens,wt,,,pTwist_CMV_Puro_6,ampicillin,puromycin,high,"SARS-CoV-2 proteins, No tags",Synthesis of Mammalian encoded Covid19 orfs in mammalian plasmid backbones
